image,psnr,ssim,bitrate
kodim01.png,39.278177890835074,0.9817705284021898,3.57696533203125
kodim02.png,40.331144006428545,0.9577349977367661,2.06243896484375
kodim03.png,41.34618788076399,0.9669679557627455,1.7197062174479167
kodim04.png,39.959376719033074,0.9597083290295368,2.2908121744791665
kodim05.png,39.30122369866229,0.9823280338264584,3.8699137369791665
